Tweet ID,Label 
1364911049422614528,0
1361079167924731907,0
1363721994089463811,0
1341233411479003136,0
1364881180932395009,0
1365247340311961601,0
1365153508807294982,0
1025140740328964098,0
1363856343199862791,0
1364833301165408259,0
1364613977628684299,0
1363844205559349250,0
1364460867564273664,0
1360330529816608770,0
1363933690225692678,0
1363837169857687554,0
1363843344225427459,0
1362507227937050626,0
1289487693429129217,0
1362493329540341770,0
1363488373164429313,0
1362600117245730817,0
1363278695696334851,0
1363534238532968449,1
1363557353493303301,1
1363179639913533442,0
1363430976660115460,0
1303600181024378881,0
1332969288534286340,0
1303380621629284354,0
1304207196754972672,0
1362144541130784768,0
1361762100704600068,0
1362281650953068546,0
1360852272994004996,0
1362531221964742663,0
1360963303728676864,0
1358454989010710530,0
1362779769591517185,0
1362870330755317761,0
1350539771802746883,0
1361792218554642438,0
1356752537710436353,0
1362416038088822786,0
1362013618255060993,0
1361743505937362951,0
1361765062789255169,0
1361936503367229441,0
1170786694364315648,0
1360881314937847809,0
1360935258997276673,0
1360134327649075201,0
1361061167012007936,0
1361269156604235776,0
1229469844111790082,0
1360625416755679234,0
1357529859753447426,0
1272611845602508805,0
1359985485565878274,0
1359952714793443334,0
1359954852005236736,0
1359595472843866124,0
1359492530644127747,0
1346509990039875585,0
1246784200960815106,0
1215143154027986944,0
1359489180812853257,0
1359206123040092160,0
1359246385380483073,0
1359213213636726786,0
1359415349570068482,0
1358511338205687808,0
1185664647199952896,0
1261373037523468289,0
861672078684160002,0
1357334344763772929,0
1356927842882355200,0
1357247022433251328,0
1357302609229590530,0
1354087592929714179,0
1352869958494146561,0
874765099336171520,0
1353419145816236033,0
1353374639959977987,0
1353099762195689472,0
1353092183717343232,0
1325223421878427655,0
1352316772154802176,0
1353012454700277761,0
1352897851819495425,0
1352239052112736258,0
1351978545896157192,0
1352557479192887296,0
1352496885555212288,0
1352325211329351687,0
1352573786642649090,0
1350202604849139712,0
1352524577704914944,0
1351948602470494217,0
1351948832746201092,0
1351972038743904257,0
1351990230467932165,0
1351157445876350976,0
1352184826154119168,0
1352184838598627329,0
1352182341419098113,0
1342194682332405766,0
392952199405248512,0
573368682765660160,0
1351625024655007747,0
1351654917623189504,0
1350495123021434883,0
1350493356141506565,0
1350462132614266880,0
1350396373137559552,0
1032704115753803776,0
705097453834526724,0
839957796544192512,0
519066590378070016,0
1122136514211786753,0
529991627347996673,0
1033056333308805122,0
1034354754573529088,0
519159161138204672,0
1341716413589950464,0
1337089868808265728,0
1343819814436036608,0
1349069496120705026,0
1346756683297599490,0
883439760525717504,0
1259903153551572993,0
963859162127065089,0
902124635449380865,0
869987034361995264,0
897323811678425088,0
1276112277008273415,0
888040123820060673,0
880554935393202176,0
880344761206525952,0
880289047343706116,0
883694296855171072,0
1349783776625389572,0
1349791002253529090,0
1349625321860050947,0
1349510027552452615,0
1349835824746127361,0
1349679265403514880,0
1349753524901576710,0
1027317959742636033,0
1027531346929967104,0
1027174020519788544,0
1027178837778542599,0
1027893711466913794,0
1086740025071595520,0
1029814329569435648,0
1348375178347216900,0
1348677573908307972,0
1348382484015312898,0
1348344285805031427,0
1345290328367116289,0
1349498856384434189,0
1347943149226831875,0
1348748895829032964,0
1348304303547691008,0
1348465627191783427,0
1348570424674832384,0
1348378467616907264,0
1348427888912191488,0
1348375263944572929,0
1348374260562198530,0
1348385195418910725,0
1348224568922681348,1
1348303438749249537,1
1348247356916064257,0
1348297982530224129,0
1348205008756613121,0
1348360886734487553,0
1348547209701302273,0
1348316702266839040,0
1348330767403937793,0
1346677905766674432,0
889931149459554304,0
1338047157346029568,0
1345161972086661121,0
1345660231339159553,0
995594216133791745,0
878399951763623936,0
1347262847403892742,0
1341630173771423745,0
1342038483381219328,0
1341485606489255939,0
1345739882560442374,0
1346139011388211202,0
1346049897573834752,0
903092130025005061,0
1347561461577633792,0
731519156550574080,0
1347560372342022144,0
1347237897842413570,0
1346943848271015941,0
1346944900936462336,0
1347058831717773316,0
1347119729916391432,0
1347053754160455681,0
1347081585116524550,0
1347147162535268353,0
1346822963375443970,0
1346838832390529027,0
1347110207990730752,0
1346875682463358982,0
1347165531359617029,0
1346208452323012615,0
1346219982296911875,0
1346317422995894272,0
1346218380664180737,0
1346530859923480578,0
1346577389334224896,0
1346360470198956032,0
1346357770581401600,0
1346493940556558337,0
1295410010030313472,0
1339301046938693633,0
1232928951003222024,0
1345817897172668419,0
1214127077252837377,0
1344696083356798976,0
1344709052840996866,0
1345295013740228608,0
1345286937620443137,0
1338492315996987393,0
1338225885598642181,0
1238089878937763842,0
1343897649905332224,0
1344237478077730827,0
1293005673626841089,0
1269818654482366464,0
1341486604335132673,0
1344600374263603200,0
1344295131764162561,0
1344355267836829696,0
1344280659297247233,0
1344209314995707904,0
1344217821698514944,0
1344319294415503362,0
1344039279308234756,0
1273992633959014405,0
1343884780589494273,0
1344197195495567361,0
1344092675310579716,0
1343869187983343619,0
1343956688311750656,0
1340252742959439872,0
1340932148308668417,0
1343286676270043136,0
1343824828009226240,0
1180014685229375488,0
1268434213180788736,0
1338772695593463809,0
1343854729798049798,0
1343528972596948993,0
1343535521830752258,0
1343523261146165248,0
1343518047995367424,0
1343305439937769474,0
1343286854074978306,0
702210388004368389,0
907266251516530689,0
523789129780580352,0
332999395052240897,0
1064397584788348928,0
308743807699136512,0
1342699046323032065,0
1342897316714450944,0
1227519996143775744,0
1159584078343168002,0
1059224138953433088,0
1342940662736547840,0
1343191001108721664,0
1342930765026381825,0
1342907437951684612,0
1343082076371824640,0
1342906495256698882,0
1342525072486113283,0
1272141738015182849,0
626381686582808576,0
1342573510170992652,0
1341765306822381571,1
1340615319191232513,0
1342464667688595457,0
1342471923234725888,0
1342763082423152640,0
1339912628257349632,0
1342119498422382594,0
1341633116813856768,0
1341696144636858368,0
1341519910778920960,0
1341628352646537217,0
1341810699534807044,0
1341058836279549953,0
1341327968560410631,0
1339442268365795331,0
1340355760581210113,0
1341061333920444418,0
1340385972043853824,0
1339960899688394771,0
1340691228724236289,0
1339943428281516032,0
1337624711841374208,0
1338605659563155456,0
1338944233143754755,0
1206173968836759552,0
1205601105125740545,0
1336664034775617537,0
1337489727612735490,0
1337795080405602311,0
1245795856995024897,0
1245983913253707781,0
479234051069337600,0
439553692535357440,0
396812399761969152,0
1339071934907215872,0
1336010198079721473,0
1333340957694193664,0
1339493570064109569,0
1337507159605727238,0
1337823919194173442,0
1339263167554314240,0
1339303080689590272,0
1337453395196645381,0
1337404837521133569,0
1338390043883409408,0
1338453582337757191,0
1338477110588022785,0
1338231473560821762,0
1338097896407896065,0
1336327564604841986,0
1335888676392472577,0
1303089757325537281,0
1337514694261747712,0
1337663572080517122,0
1337790459402399747,0
1337702778571984899,0
1337864708758642694,0
1336556628565520385,0
1336739455261143040,0
1229434791163985920,0
1229316234933686272,0
881210113008300032,0
905523393566576640,0
914572818616061952,0
927516152032583686,0
1299206090677194754,0
1291679796020346881,0
1337648924878901248,0
1335851613764849665,0
1335629337014530049,0
1336358306227613696,0
1335508794147827718,0
1335531311549833216,0
1337430712295829508,0
1336946801203666946,0
1333169933270863875,0
1337695975234789376,0
1337850699879772160,0
1337710959926894592,0
1337720976801484801,0
1335533085207781376,0
1337026784601247744,0
1335353934509064194,0
1337124772656734208,0
1267211767555424257,0
1280486327130025984,0
1267685919814975489,0
1267192191614685188,0
1335331478381662211,0
1335328663940816898,0
1337326151421878272,0
1336723090211004417,0
1336357042517315587,0
1336861363159912448,0
1336245823995334656,0
1336728618819592203,0
1336779260552499207,0
1336410165243949062,0
1333139249781207040,0
1333100392369025025,0
1333141760336404482,0
1335820615064973312,0
1335681592300331010,0
1335660621665284103,0
1335639769401987072,0
1334145173719298049,1
1334484481743478784,1
1334924405953052673,1
1335560415447801856,1
1334785321683349504,0
1335257949787320320,0
1313769384201117698,0
1333913970936262656,0
1329512667476873216,0
1334919216403795971,0
1335303588181110785,0
1335302209031049216,0
1335300487168593922,0
1333151045682425857,0
1332785230722330632,0
1332327348776144897,0
1333379733627817984,0
1333766727193202692,0
1332061765975347205,0
1330846392466759682,0
1327668562652254209,0
1024497518489608196,0
1024312802645827585,0
1022328599834226688,0
1022214790482210816,0
1022174152294326272,0
1334037743509377027,0
1334259534936862721,0
1334189417775427588,0
1332359896113754114,1
1332714556423069696,1
1332577081016913921,1
1332494885501415426,1
1333458143775514628,0
1333497289172717569,0
1333458475016458245,0
1333852507609632770,0
1333766151189491712,0
1333466983053090818,0
1329919137980829697,0
1330242402913832964,0
1333664859490226177,0
1333680913255948288,0
1333653075198947328,0
1333391784911638529,0
1333451952596901896,0
1333443564815196160,0
1333385280129216514,0
1333109113912520705,0
1333594074675339265,0
914999634774208513,0
914972528757624832,0
1129098829331091456,0
1226365613850943488,0
1276795610277072896,0
1279855781114982402,0
1332774295341314048,0
1332781196955312128,0
1333151900250689538,0
1332667802692558850,0
1332693068781408256,0
1332667118400249857,0
1332742913307054080,0
1332799123532230659,0
1332942872937721858,0
1332736769415057409,0
1332751300208025602,0
1332389905385840648,0
1332073531098755078,0
1332299457690562560,0
1332578108487176192,0
1333474194093436929,0
1332659592787079174,0
1332267821372420096,0
1332421790283538435,0
1332420104706007040,0
1332362028783185922,1
1329108045356556292,0
1330901690598514692,0
1332051044050874369,0
1331693602045652992,0
799603283539218432,0
794192064430882816,0
1331654425031700482,0
1331681395723407361,0
1331913772714352641,0
1331945655514886146,0
1331939667592273926,0
1331936517757997056,0
1331919725987762176,0
1331323435482550272,0
1331719791141326849,0
1326602661345497089,0
1326640399742627845,0
1293955171421245440,0
1331335512376872967,0
1092524710229876736,0
1294179032070868994,0
1093113477265281024,0
1155747223612903429,0
1329376211424972800,0
1294597961394028544,0
1328701574265393153,0
1330805135333871617,0
1330716686501208064,0
1330577773904207872,0
1330818301753225218,0
1330940587642589186,0
1330797782291140608,0
1329111398849376256,0
1328506597681860614,0
1331205134660079619,0
1331389755565756416,0
1331164924622594056,0
1330936243052556290,0
1330946909809356801,0
1330559436725903364,0
1330479223321059330,0
1330456230209392643,0
1329875746307895303,0
1330249212278272007,0
1330106003795439616,0
1328717495285534720,0
1163562027593478149,0
1196344417117966337,0
1327653882739232772,0
1329832731186905089,0
1329912363848519681,0
1329802134980882432,0
1328418320769556481,0
1327329440771305472,0
1327631875561709568,0
665642596560187393,0
797795848532951040,0
1464945491192463360,0
1329823552930000897,0
1329733296230723584,0
1329527348203544589,0
1329395404937498624,0
1329019940435849217,0
1329063320050143232,0
1329246220846592000,0
1328290497740361728,0
1185815146351992832,0
1163485406098313216,0
1185931206631874567,0
1218767992663805952,0
600704974834642945,0
1325712509953773568,0
310869299562692609,0
1325930799309467654,0
1326861310173306880,0
1326265560536145921,0
1326289545550245895,0
1327289081781497857,0
1326101696674717696,0
875989020546912257,0
875989691551674368,0
875983509114036224,0
1325183996498763779,0
876036174304948224,0
1319812135434715136,0
1318519117603852289,0
1317811446655406084,0
1318089529413242900,0
1321551252409516033,1
1328223208248659971,0
1328089044069322759,0
1328284175175196673,0
1328088656071036938,0
1327665047129223170,0
1327665311018078210,0
1327740131571281923,0
1326714590625984513,0
1326875039736672256,0
1327650599186427905,0
1327737442724700166,0
1327737350097604608,0
1326982023328698368,0
1326962212230078479,0
1326967470666735616,0
1326994519133450246,0
1327181925249933312,0
1300771144463720454,0
1118256407546138625,0
1326624209964060673,0
1326534098731458560,0
1325814211776290816,0
1325802271083520000,0
1147316180836900866,0
1124779882792177664,0
1190913611855740929,0
1010950078608093189,0
1025165034488569856,0
1320039890738909190,0
1325373927598780416,0
1326133523657396226,0
1325171977854750720,0
1325464266183503872,0
1326058706136666112,0
1325974289850511365,0
1326466205151072256,0
1289222144161792000,0
1289097054065754112,0
1221225435788455937,0
1253818526906884098,0
1285952476378804226,0
1300629766484172800,0
1242239702087774211,0
1235840657790394369,0
1325150698619736065,0
1325929981562785794,0
454936990048215041,0
1315231720392671242,0
916715752018841603,0
972952362959679488,0
1324717812393410562,0
1063477217181749249,0
1325389851353636864,0
1325400877985918976,0
1139620387665453056,0
1139172121228320769,0
1139207644307230720,0
1313199189845778436,0
1139952821883801601,0
1324384730511388675,1
1324775689992597504,1
1324393265244811269,1
1087366534404681730,0
1304463877044920320,0
1225527767057469447,0
1226603171721687040,0
1323195477697957888,0
1324833076753637378,0
1325019835986825216,0
1317944968871292928,0
1317201332244258820,0
1314757263916240896,0
1301623872802795523,0
1313744793701437441,0
1324987212560293888,0
1325067608815710209,0
1324917099689631744,0
1325099249214910466,0
1325037757396381701,0
1325013329384005632,0
1321412203996680192,1
1322658647516811267,1
1324320230030626817,0
1324415065324425217,0
1324393775095980037,0
1324388531125583877,0
1324384200179503104,0
1324336119799042049,0
1324322995284987905,0
1324508015970656262,0
1324463781481746432,0
1323374633870069761,0
1323385636678733837,0
1201422979479068672,0
1323958110143369216,0
1322970770772054016,0
1322354098319069184,0
1323739177222103043,0
1323642964292390915,0
1323662230559313922,0
1323753742781599744,0
1323880809879789569,0
1321890990941233155,0
1322216305093693446,0
1322201493928398848,0
1319971581058232322,0
1319728862473879553,0
1322881808221036545,0
1322872816614756353,0
1322885604238131202,0
1320415483804475392,0
1079104748995989505,0
1083284394155147264,0
1323424250565414913,0
1320009168854650880,0
1323285633805307907,1
1323283954070360066,1
1323054413553012737,0
1322956375660613634,0
1320700689358741505,0
1322765889750663168,0
1322612539088347137,0
1321913800438796297,0
1322123005162651648,0
1322129507818590209,0
1322280086180159489,0
1322504198118756353,0
1322120082747699202,0
1218608562924138496,0
1227333415701295106,0
1005119610604179457,0
1297373104050708481,0
1322660013052252160,0
1321892581039628289,0
1322649657663754240,0
1322649713427042305,0
1322608725035749379,0
1322635483457986561,0
1322651807873642497,0
1322689280955850752,0
1218480314928041985,0
1133865540483784707,0
1110094959728824320,0
1300438789031186434,0
1280966417844764674,0
1116022205626892289,0
1322566845296234496,0
1322208226520276992,0
1322222130298314755,0
1322427290857492480,0
1322249071650889728,0
1322348228105392134,0
1321542974908620803,0
1319864473549754368,0
1319711565457858562,0
835564420055040000,0
810091446975995906,0
833724549350973443,0
722573974811643904,0
718517947623415808,0
419552141351874560,0
801636461586083840,0
1321759225077530626,0
1321747799466192897,0
1321744458929577984,0
1321737129706299393,0
1321736367580348416,0
1321721019846066176,0
1321681459544006656,0
1320729297703895041,0
1320690761038516224,0
1320732605705314305,0
1213427057306275840,0
1320383548717674497,0
1320411280407232513,0
1320422295983267846,0
1320415459557126144,0
1320398843293372422,0
1320459170001358849,0
1320464498235494400,0
1320480745769570304,0
1320286956027260932,0
1320129662983557120,0
1320519947362144256,0
1320358313142439938,0
1320160983956992000,0
1318349634025213952,0
1317764907069280256,0
1318184022460256256,0
1318374447250890752,0
1318534927072329728,0
1318231637449187339,0
1318342783694999553,0
1319222201581752320,0
1320065451737612288,0
1320060531483529219,0
1320064694074380288,0
1320121416583401476,0
1319210333223948288,0
1319612555963367430,0
1315703493295038472,0
1319357941338824712,0
1318951860460552194,0
1319342553649602561,0
1318515136177516544,0
1310162802842251269,0
1319575273143259137,0
1319614192861794305,0
1314896009655443457,0
1314603247915675649,0
807745880782733312,0
807743026198179840,0
807933295686205440,0
807867047954759680,0
1319169708361396224,0
1319182600813109250,0
1319161591842091009,0
1307853832165249024,0
1313153447257083906,0
1316092822630658048,0
1223938430821859328,0
1318454344535203840,1
1318501165869506560,1
1317834562358120448,1
1317842300395978754,1
1318134094312706049,0
1303345508455387136,0
1288176380086300677,0
1287868785215455235,0
987301803413921793,0
1026477708195315712,0
989793807540609024,0
1026583700245553152,0
1234120569655824387,0
1267534191702482944,0
1164225509812781057,0
1122821623978037249,0
1118812004171636736,0
1108423714801156096,0
1106036182188806144,0
1104520757600751617,0
1102425321931005953,0
1102150816813772800,0
1318112077714776066,0
1318116175855964161,0
1317952380860833793,0
1266706798578470916,0
1278822847201378305,0
1281868791203454976,0
995228007198527488,0
857589805382762498,0
637668149186314241,0
1318092024663273472,0
1248293953440489472,0
1034828934536413185,0
718030237024575488,0
1183456322253213696,0
1258993580691030018,0
1284420615634661376,0
899649555574079489,0
1101867590383747074,0
1219715057657032709,0
1314992367473229824,0
1314986141121216512,0
1161634515657379840,0
1076769578787786752,0
1162096091766165504,0
1048849489522507776,0
1265257342435758081,0
1313116415969329153,0
1033768110430605312,0
1269774841110048770,0
1205835481151352834,0
1315969258929692672,0
1316395317173129216,0
1316490872943509504,0
1316245421816250368,0
1315692164798713856,0
1316517108965158919,0
1316674704833425408,0
233359200699428864,0
1315874157121413120,0
1315357789343150080,0
1315346572247433218,0
1044914221773987840,0
784519166413922304,0
1255525837216059392,0
1068412647740194816,0
1150713162775367680,0
1150825072535494656,0
1258323715634364416,0
1315080461203451905,0
1314324004111618048,0
1309869643792879616,0
1310244307790630914,0
1309622850563829761,0
1242076478847815693,0
1313485849795989504,0
1314229283892666368,0
1314151823951966208,0
1313762993235165185,0
1313404178203660289,0
1313751712432361475,0
1313247843700953088,0
1313365010731671552,0
1313377315930492930,0
1313140664264200193,0
1313538619890638850,0
1312244051035516928,1
1312345113314680833,1
1312332963774947328,1
696017254891315206,0
1243514199805964288,0
300923001879265280,0
769469214591778816,0
1199097502911401990,0
863449461409939456,0
1312048904238661638,0
1312526725151035392,0
1312510783440388096,0
1312468330163314689,0
1312097197354291201,0
1312096553792872448,0
1298688077037215744,0
1309933964342239232,0
1311733030730555395,0
1311680025427664896,0
1311303407794348035,0
1311606654551707649,0
1311840049911271432,0
1311943077259509761,0
1311933607238303745,0
1311687522582396929,0
1311973022044127232,0
1312158831934238720,0
1311900372693385217,0
1310331494007742465,0
1310747613164118018,0
1311403180874440704,0
1311403824163233792,0
1311416524721266688,0
1311436816327815170,0
1310993235263750145,0
1181826458945298432,0
1160147305712050176,0
1181616123613270021,0
1311016850080268288,0
1311033577543479297,0
1311029127944773632,0
1310926188282601472,0
1309155206077308934,0
1309632552634904583,0
1309612941260488704,0
1309621627584471040,0
1309866614536441857,0
1309873719184183298,0
1203782820029747205,0
1270016484392292354,0
1296015584543608832,0
1310579586619629568,0
1309545082182230016,0
1310224305180086273,0
1310221656573579264,0
1310214227492319238,0
1310204384480047104,0
643525101539991552,0
644063979485138944,0
1309839402789552132,0
1309945350346739713,0
1309768674090332160,0
1309616041941753857,0
1309226258010714112,0
1309219770156359685,0
1309574810322829323,0
1309581537575415808,0
1309516298406293504,0
1309439249947791360,0
1309409916994625537,0
1309749105997086720,0
1309568191161606146,0
1299786698906361856,0
1296530401058533376,0
994986056050270208,0
1037070194240311296,0
671600193813508096,0
1308421907461615625,0
1307632324494929925,0
1308497027710554114,0
1308452430846349325,0
1308510401370435586,0
1308250015958089728,0
1308019603373789187,0
1308236358750818305,0
1259615155882807296,0
1243604526537551873,0
1243499346877964294,0
1307468863437705216,0
1307770035432288258,0
1307184601798905856,0
1307184758250590209,0
1307210971920904192,0
1307213588533260289,0
1306583468554489857,0
939227178373435398,0
939947540706942983,0
1287423334158934016,0
1302587676118454272,0
1303955528020762624,0
1066308268413337600,0
1067131967177744384,0
1066319057488617472,0
1066717543686172672,0
1303408981864517641,0
1303208707501764609,0
1303345277315801089,0
901475396310487040,0
1304616482731470849,0
1304770632320770050,0
1305147562182270976,0
1303651794833338368,0
1303249871584079875,0
1305941380917800962,0
1305929392745574408,0
1306188880933269504,0
1260568084903059456,0
1265695259863977986,0
1285645420564230144,0
1238002528727564289,0
727199979157213185,0
1305477373043838976,0
1305341135875907585,0
1305236069433176065,0
1305243623609569280,0
1302578874061066241,0
945104339269545984,0
1303218369626279936,0
940239533471420416,0
940011431751245829,0
1266425170924908546,0
1251344854505922561,0
1252322418003238912,0
1303357607688757250,0
1125411198642663429,0
1156887303488454657,0
1304529019338133505,0
1303753586468425728,0
647863772187459584,0
666420246098526208,0
642991485814620160,0
731516269917278209,0
642976289721184256,0
1210259022496096256,0
1251642024643657733,0
1210636298224128000,0
1299976182474174464,0
1301554593973796870,0
1301152959133343744,0
1304067882930909185,0
1304057985413591040,0
1302303660588883969,0
1301264512633516033,0
1302318960197677057,0
833280101638930433,0
834330027735076864,0
1297662238317305856,0
1303423228787011585,0
1303321701137158144,0
1302730070222688256,0
1302977529343606786,0
1302945371493150723,0
1302941232784695296,0
1302860634778996736,0
1303183266900475905,0
1303314393334243328,0
1302353429239603203,0
1303359966439407625,0
1185118195121827840,0
1179854263897542658,0
1302581486776913922,0
1302623389123842048,0
1302554024550563840,0
1302564299148271617,0
1302681205473771522,0
1302543236163080192,0
1298297863160684544,0
1299008357966192641,0
1298997373847273472,0
1298992490905612288,0
1298449781992435718,0
1299060993461497858,0
1302672369140543488,0
1301252835003248642,0
1301265390652346372,0
1302686921911611393,0
1302230668190117888,0
1302358033234882561,0
1302968182764863488,0
1302919641493364737,0
1298571623008735232,0
1300846045522530304,1
1300793540453302274,1
1300865584209571841,1
1265237256492769281,1
725347476195151872,1
753422478266011649,1
1299023975297802241,0
1298373457147723776,0
1295610359907311617,0
1301947513629483008,0
1294228743758675968,0
1294025463720022016,0
1301164430521257986,0
1300760983745564673,0
1300738452837851136,0
1300095485362032640,0
1300019462112972800,0
1300524695859728384,0
1299616291662295040,0
1301031502487183361,0
1300771284717051910,0
1300596514012696576,0
1300863686358241281,0
1301807970460864512,0
1295796536480342016,0
1297479894067224577,0
1298187623811420161,0
1117629284766625792,0
1210622687053275137,0
1210602234356088834,0
1208105297224577027,0
1210133010282164226,0
1290661934740709382,0
1208080405762629633,0
1243556837854765059,0
1300353642076221442,0
1299704492041084930,0
1299706947881635840,0
1300775894395617280,0
1301036055920021504,0
1300402711603695619,0
1299179608936415232,0
1299480782759768071,0
1300582998811738112,0
1297954179596652551,0
1300096077958459392,1
1149332332912029696,0
1218641250502479873,0
1113780024568688640,0
1143842240172822528,0
1069177437496516608,0
1039546986792452099,0
844579609995890688,0
1296485225887862785,0
1017518179688607744,0
1299844267112890374,0
1299969164090716160,0
1299792811496288256,0
1299793191684759553,0
1299441519389270016,0
1249474118476431361,0
1249485793095307266,0
1250066850383302658,0
1299094406599979009,0
1299031305703895040,0
1298733274211266561,0
1298539050039640064,0
862824817199902722,0
1298877595879178241,0
1255565939208224768,0
1256234990519701507,0
1299009975461859328,0
1297569137963741190,0
1298323775541346305,0
814890498150330369,0
789773329066582016,0
1296913624154476545,0
1298056982029578240,0
1298045430475915273,0
1297995866087854082,0
1297329441031499776,0
1297229429253517313,0
1297220930025000963,0
1297210542516510720,0
1293498274683465735,0
1291415686116409345,0
1267672486398869504,0
1225069131260682240,0
1227709357003018240,0
1295008021983252481,0
898217812711407617,0
838456668543455232,0
870060272907689985,0
1296954064685629440,0
1297260795332571138,0
1297155788335648775,0
1297448780955033601,0
1296538909686599691,0
1296769369469575169,0
1296423670475350022,0
1296733675955138560,0
1296862836673609729,0
1296579083820834816,0
1296881560583634947,0
969997146857656320,0
982705270236352512,0
1044668182240399361,0
1296409305101590528,0
1296154802888609793,0
1296445267076579341,0
1296422838329540608,0
1296416404581883905,0
1294743296695312385,0
1294362563019452417,0
1294332322553180160,0
1294348812727836672,0
1294027475413086212,0
1294411353277505539,0
1296169161228525568,0
1296180132999094272,0
1296092052569174018,0
1296298648507240454,0
1295729391885070337,0
1296022607452610560,0
1296370887281840128,0
1296053961527525379,0
1296409954006577153,0
1296121784182415360,0
1294627860582465536,0
1295781671216779264,0
1293820374652772352,0
1289796558330802176,0
1289513715339935744,0
1289667106212990976,0
1295326326648442883,0
1295325626640011264,0
1292012561026748416,0
1291048318076936193,0
1291048790762434560,0
1294401439356325892,0
1294350443896877064,0
1293877976510140417,0
1294744139502845956,0
1294608485188022273,0
1294635724713725952,0
713416421695422465,0
713642155793891328,0
713647635077279744,0
715227925914771461,0
713693297361993728,0
1293812583238119424,0
1294009129443491846,0
1293890890805571584,0
1291303253515350017,0
1292148720100945920,0
1293011069506654212,0
1292122499937951744,0
1292106980367138823,0
1292216279978344452,0
1291686198973476865,0
1292482450363424770,0
1292799627264221185,0
1243307545709686785,0
704775495305527297,0
744490511210262528,0
704927912739340288,0
1292427792894763015,0
1292486819137953793,0
1292425858079232000,0
1292716085507051520,0
1292522409027936263,0
1292448782878216193,0
1292301369429372928,0
1259448416410701824,0
1291732181283491841,0
1291597238041554944,0
1291673867384217600,0
1291730971331526665,0
1291443085998792709,0
1291856935688589313,0
1291841330847637505,0
1291856690237902848,0
1291344869416460289,0
1291353109436997638,0
1291342419255013377,0
1291392357829574658,0
1290815325701840898,0
1291162258459033601,0
1291176801033740289,0
1291139382980771841,0
1291165339032707073,0
1290328824161411077,0
1290785169276833803,0
1290791752836829187,0
1290794273085022208,0
1290788315013283840,0
1290970572118204416,0
1290799481244528642,0
1287546475044642816,0
1287761453722804224,0
1290011569707823105,0
1289958385803128832,0
956679058380779523,0
532795053026988032,0
1289571229997793281,0
1289492244848730112,0
1289641400967942144,0
759463528193556484,0
1287391257296285696,0
1285375522562691072,0
1288646392970436617,0
1288666378556313600,0
1288725503508127745,0
1288731713984778241,0
1288778865020743681,0
1273293909016432643,0
1273296462290587648,0
1287417915998900224,0
1288025751401500673,0
1283736891708194816,0
1283455320933707777,0
1287831549115871233,0
1286282130058817536,0
1024811668377874433,0
1175230665362759686,0
791285685009383424,0
1287056455116496897,0
1287084854622990337,0
1287055646274342913,0
1286760325979820032,0
1287068799632658432,0
1286590457988837376,0
1286656943122251776,0
1286663513226829830,0
1286631092364222464,0
1286668280728416256,0
1286698113022021632,0
1280979924761878538,0
1138452272059469825,1
1285137138699436032,0
1285734592847192064,0
1226411012745814017,0
1283416694183145472,0
1186009782060236800,0
1285834191737950208,0
1285695451354796034,0
1285175876049612800,0
1285135725361532929,0
1282990397657174022,0
1281351579103305729,0
1282937070961545222,0
1282569500529917953,0
1282076512393535489,0
1283102518084399104,0
1282653288777777159,0
1283672721407111169,0
1283507713889181697,0
1283108429326934018,0
1276576356856467457,0
1279828524950577153,0
1089964536357109760,0
874271970287919104,0
1278059297277124608,0
1279750948286607361,0
1279777603096924160,0
1282650166395314179,0
1282634881890234373,0
1282670101947461633,0
1242858064220389376,0
1282018015941464065,0
1281295899558379520,0
1280645247761072128,0
1280765339056443393,0
1236329576298622977,0
1236377038623248385,0
1236180661146435584,0
1236045194832875523,0
1280255954735583233,0
1280486595150430210,0
1280221394945617923,0
1280308306494533638,0
1280532567113023488,0
1279504785322975238,0
1279402177740574720,0
1280529474380017665,0
1278129263036764160,0
1267121686584983554,0
1279155053518036995,0
1280114357804900353,0
1088561973619552258,0
1279800740257677312,0
1279887213132763138,0
1279697344926306304,0
1279882538488602626,0
1279873339285266436,0
1278659111916273666,1
1244297175535927296,0
1279347716628328448,0
1279293496139100160,0
1277599501407129603,0
1277570973735231488,0
1277689740163153931,0
1277730048548769793,0
1273726973915824130,0
1273621978386247682,0
1269946529793671169,0
1520134860962152451,1
1520119974551035909,1
1520076408017543169,1
1520054940340834305,1
1520048903118282752,1
1519811110383280129,1
1519781943352639489,1
1519757600027381760,1
1519677373465219073,1
1519038151477669889,1
1519005830187782145,1
1518912351382257665,1
1518760437764042752,1
1518678213983100929,1
1518679129532649473,1
1518679783655235584,1
1518680689339678721,1
1518661595089494016,1
1518315889858330624,1
1517588569442951168,1
1517479083944382468,1
1517477595566202880,1
1517427342435663873,1
1517153483505344513,1
1516498273783230477,1
1516151455283097600,1
1515652751753158663,1
1515654665463115783,1
1515482241018834951,1
1515450384369733639,1
1515285025918443524,1
1515284328246296577,1
1514551377334259717,1
1513221915892236288,1
1497917053486997507,1
1497926999687503873,1
1497988663065649155,1
1498416722163949578,1
1498601211586654209,1
1498685305741885443,1
1498939637267677188,1
1498965471131049986,1
1498967357611520007,1
1499276919858253825,1
1499315115816071174,1
1499369476852260871,1
1499492394206744576,1
1499692175394844672,1
1500004789719027716,1
1500004135218946053,1
1500224552261103622,1
1501160311721758728,1
1501422779094110217,1
1501708155755319298,1
1501814333206106113,1
1501870731554078720,1
1503716408106143751,1
1504073684373364737,1
1504078574734790669,1
1504421524840796162,1
1504421341587546115,1
1503744522345451536,1
1502260571458224131,1
1501551116508700681,1
1487856190235238403,1
1483449860447686673,1
1481895611402174465,1
1481609790866563073,1
1480808540633808898,1
1479857584639254533,1
1478990930053152769,1
1478337901880557571,1
1477611306232553475,1
1477195215970746368,1
1476877648416681984,1
1476877655718957059,1
1476619639404875782,1
1476618950108717066,1
1532300478398308357,1
1476527997444313095,1
1476524121760714752,1
1476519361196314629,1
1475784539532320769,1
1475784254651092998,1
1475783386916655104,1
1475782792369819655,1
1475014303799459840,1
1474440611633799170,1
1472882177411067905,1
1472564056892624897,1
1472469792040828928,1
1472157971266379780,1
1472151877479538689,1
1471420698266681344,1
1471395699459862530,1
1471114411234537472,1
1471020928624648198,1
1468136957792428035,1
1464234118430998528,1
1464191608077778953,1
1455210866022961161,1
1454924368748875777,1
1454005806958010371,1
1453561199929565185,1
1453454236260474880,1
1453343522707451907,1
1453342861332828167,1
1451203817966551040,1
1449706265643569159,1
1448671998704594948,1
1448649448976838659,1
1448648270457106447,1
1448646941693263893,1
1448277400865972232,1
1446860319729590272,1
1446535787038838792,1
1446469668626108447,1
1445336310340784133,1
1444576896436645888,1
1444421932645036037,1
1443492077812293634,1
1443233447628218374,1
1441490912564191233,1
1441472449628016644,1
1441460964906442753,1
1441084850237165575,1
1439536151371685890,1
1438216297674907649,1
1438160360612184072,1
1437387793886547969,1
1434910740419334152,1
1434460696595554310,1
1434247357420429319,1
1434064832307810305,1
1430949245381758978,1
1430104669276286990,1
1429845990543081478,1
1428806275471749132,1
1428656712542736384,1
1426924860752678917,1
1426910860467900424,1
1426910562634584069,1
1426863478837583875,1
1426191362240692224,1
1425863701836570629,1
1425082277390860294,1
1424837161162055681,1
1424111322120265733,1
1421782340439887882,1
1420782097699115011,1
1420709024153149440,1
1420663159212453894,1
1420422940772941833,1
1420105111121059843,1
1420103720432451588,1
1418548528352272388,1
1418256049388281856,1
1417382131718893590,1
1417225819613712385,1
1417187782859034627,1
1417185286581325825,1
1416365243509395461,1
1416352796136378368,1
1416316634105630722,1
1416055546059366406,1
1416000480732491778,1
1415630747889815553,1
1415624541230051333,1
1415377274581442563,1
1415261169007403015,1
1412400277249007622,1
1409518577984720903,1
1409508493460127748,1
1409244517161750532,1
1408107053189636097,1
1407782558562238471,1
1406954725837316099,1
1402225835730481154,1
1400417233596203011,1
1400418530756018176,1
1398938346748059649,1
1396390139354652672,1
1394661454729601030,1
1392207798835032068,1
1391468900920004608,1
1391389586979540992,1
1391157623165181954,1
1391146823151140868,1
1390754989086289925,1
1390752023365226499,1
1390703577782439943,1
1390676530062368771,1
1390369699104440330,1
1390021260579647491,1
1389992473339088904,1
1389982529323741185,1
1389901102057938948,1
1389620241177751564,1
1389307203149045767,1
1388934483911532544,1
1388859673349132290,1
1388574357862113280,1
1388237235896692742,1
1388221697355026433,1
1485363624235446277,1
1485352856702132226,1
1483414326367170560,1
1482356617979043841,1
1482336169497088007,1
1481653623293579272,1
1481580746150223879,1
1477606762165506058,1
1476130632757612563,1
1474447223576576005,1
1474372456613879816,1
1471202683247812609,1
1470554587354607624,1
1470395682850852871,1
1470395993409605636,1
1470395388364566536,1
1490067545461866500,1
1490067201231147014,1
1490066396834840583,1
1490072101574918148,1
1474754375205720068,1
1474760114636832768,1
1475012272296710149,1
1324290360324034561,1
1434285849588424716,1
1366294129479720960,1
1366182149364269057,1
1299800677519159296,1
1299776394025742338,1
1285555948740902914,1
1299823065086468097,1
1299805483503685633,1
489589068347351040,1
1326171474797932547,1
1338900782473744388,1
1042099846264631297,1
1505519054005669892,1
1015332335187881984,1
1266484896236781575,1
1265434039210717186,1
1263203803119132674,1
1263571884475592704,1
1263164323599433729,1
1263916326126526471,1
1251481368015626248,1
1252204441211736065,1
1252230693544800256,1
1283428610112618496,1
1508435834504101890,1
1395405130300858370,1
1395404067388764168,1
1180247626207387649,1
1255617326394867714,1
1252443857423421440,1
1333088802307502082,1
1253649166917656582,1
1253653370453331969,1
1251805078580846593,1
1392479855900602371,1
1399097489152696326,1
1399423128577744897,1
1384473398198288391,1
1373227744952213505,1
1364802605449433090,1
1467131426768314370,1
1437493712993521665,1
1349365910805610499,1
1298137232939913216,1
1298170925020479488,1
1298058450946215941,1
1283735686659612673,1
1280885176973889536,1
1395563964126449665,1
1531257642152230912,1
1531257473289560064,1
1531257256465113090,1
1530646979595870208,1
1530389442657144833,1
1530309493321613312,1
1530298975684796416,1
1530286601124839426,1
1529930765928218633,1
1529208044495699971,1
1529192454892707846,1
1528764491265150978,1
1528654717869514752,1
1528435271229906944,1
1528428676638982145,1
1528426885855776769,1
1528419483332788231,1
1527601432190394369,1
1527568495336116226,1
1527403613370339335,1
1527387564646273024,1
1527279862368505858,1
1527281403397713922,1
1527281777533779970,1
1526991191052587011,1
1526253317483028480,1
1526245594389532672,1
1525956197152456704,1
1525944711416107008,1
1525911047860789249,1
1525831536502788098,1
1525800947124948998,1
1525567568538378244,1
1525103736175136768,1
1525194038038695938,1
1525431822699700225,1
1525034520826765312,1
1525052306584109057,1
1525060013277986817,1
1525074221101199361,1
1524248471506759686,1
1522656260411248640,1
1522546037818281985,1
1522303734386085888,1
1521808292867104768,1
1521738406354636800,1
1502392744647577604,1
1529259658552262656,1
1527641419959123970,1
1502103632359133188,1
1497581458642374658,1
1497524402837233667,1
1497236166638280705,1
1497221687288512513,1
1497221393448058891,1
1497220987649146909,1
1496864916111859713,1
1496821920553132036,1
1496823064956477444,1
1496829926770724868,1
1496119275265925122,1
1496204930520170497,1
1496782953271205891,1
1491740550411825152,1
1489938860939350023,1
1490012405698646019,1
1489637797069742085,1
1488278342331768845,1
1487758209989414917,1
1488046162137526275,1
1485351038811090946,1
1483157184670220294,1
1480577540653785090,1
1479134989753192448,1
1477740763639332869,1
1477606457323438082,1
1475156759811702788,1
1474861346638667779,1
1473733196638478354,1
1473664950455390217,1
1473661273225187328,1
1473357769633935367,1
1473031776494837760,1
1472929108434771968,1
1472321257509117953,1
1472188794279497742,1
1472232562391195658,1
1471889902602436608,1
1471130399812296711,1
1467579930087145473,1
1468150683278970887,1
1468150848215728131,1
1467562832682233859,1
1467526767984488451,1
1466518745547956232,1
1465349911591989253,1
1465424341848494088,1
1433325788552744960,1
1433357139762941956,1
1433413130743427078,1
1433480303566262283,1
1434534916608434183,1
1435174627299446784,1
1532253814694322177,1
1532572794877366272,1
1532764121564950530,1
1532675792437751808,1
1532692012058681355,1
1532756673751818240,1
1531886683398062080,1
1531890943586185216,1
1531908074948149248,1
1531918340863795200,1
1531931309429374978,1
1532064872917217280,1
1537182871110176768,1
1531873419222036480,1
1531759948501241857,1
1531656883190345729,1
1530464990313979904,1
1531966611871219716,1
1530807486864928769,1
1530635587987853314,1
1530608941524307968,1
1530542647257051137,1
1501896034846486530,1
1501872372546166784,1
1501445711434498056,1
1501308165694054402,1
1501160407888760844,1
1501132340021583872,1
1501085255868071941,1
1500910966799753216,1
1501975746574757888,1
1502002153111658497,1
1501983152398549001,1
1501938481794203656,1
1501894270025965573,1
1502627333441785860,1
1502661751460007944,1
1503324965902376964,1
1502894005922811905,1
1503000791354904579,1
1537135191793324032,1
1503349967179689986,1
1503362432391163909,1
1503383622153347084,1
1503696070429528064,1
1503789385820553221,1
1503792735597248516,1
1503804165298044936,1
1504017997333213191,1
1505420611698536450,1
1504171341016182785,1
1505331156358778888,1
1505332484912865290,1
1505877530468831246,1
1505860436545130502,1
1505847235153735686,1
1505648076198924291,1
1506189709965414406,1
1505890691733463048,1
1505958068105977864,1
1506033266658267136,1
1506192769932529668,1
1506191445627129859,1
1507037175124267011,1
1506942304321425409,1
1506917675167285259,1
1508859163501342723,1
1508560757813825546,1
1508165797360939009,1
1508160164809129991,1
1507716382447878151,1
1507387610116857874,1
1507375306545537029,1
1507369453201334285,1
1507330798063689729,1
1509654270739689483,1
1508941814107193351,1
1509539393807294467,1
1509541433996414993,1
1509504426939199488,1
1509304477031014404,1
1509258107079254019,1
1509178199325949955,1
1511648278475157509,1
1510397000231043075,1
1510627628973240323,1
1510932328004136963,1
1511415978013433864,1
1511730167638597637,1
1511476282332221440,1
1511321810339565573,1
1511324524599517189,1
1511277066251128833,1
1511069737631031302,1
1508905594857693188,1
1516432243765522442,1
1516048084438036484,1
1515278367477665796,1
1515263961716957187,1
1515193278542618627,1
1515102706309996550,1
1515033275705790468,1
1514227609743372299,1
1514193303922790400,1
1514175578156539905,1
1514178792742400006,1
1513913611407790083,1
1513172006790995972,1
1518511694850531334,1
1518202579280400385,1
1517924841416007684,1
1517589970034298880,1
1517121027184201728,1
1516697534844084228,1
1516482354105180164,1
1522292172908896256,1
1521935234287210500,1
1518878778885382146,1
1519014359942549504,1
1519007997753712641,1
1519005681990447106,1
1519003053013225476,1
1519282378539163648,1
1519385428754931715,1
1519690175697276928,1
1519741823069356032,1
1520500485492559872,1
1520840061650153472,1
1521522338755497985,1
1521549044316872707,1
1521545343166558208,1
1521756694883319808,1
1521752358409183232,1
1521771303132442624,1
1522952172190662657,1
1522959676643725313,1
1522964066339328002,1
1523290168417038338,1
1523642309501657089,1
1523723402800156672,1
1524034088075763718,1
1524113683063914497,1
1524111086420729856,1
1524271272099725312,1
1524437450873053184,1
1524434702593146882,1
1524430726225145857,1
1524690637957775360,1
1500469801025785856,1
1500545168474349573,1
1500575691317944333,1
1500579754050830344,1
1500588363862192133,1
1499972976804089858,1
1500102269496397831,1
1500111175945707520,1
1500121066349514753,1
1500230481987653632,1
1500352912307933186,1
1500381848437989378,1
1500388967539216387,1
1500401926189498368,1
1500452094129627137,1
1499819640448765954,1
1499722944825769990,1
1499780646855745544,1
1499145230066540546,1
1499147548413550603,1
1499369345595625472,1
1499381731924840450,1
1499389574996398081,1
1499420023387045889,1
1499441333420888070,1
1499439788755230741,1
1499433398179446794,1
1499434891565580289,1
1499478943459647494,1
1499488620885028867,1
1499496131608428551,1
1499706474435592192,1
1499125134916997123,1
1499130425490526211,1
1499117639783833600,1
1499119770008002565,1
1499059525713813508,1
1499053621404741638,1
1498904003513626627,1
1498898590143500288,1
1498825419230830593,1
1498794486306164743,1
1498788363293413376,1
1498770277395836940,1
1498767036968837124,1
1498763466261340161,1
1498705272537288714,1
1498508328527400967,1
1498425036537057282,1
1498423332731076609,1
1498418590420287494,1
1498401816962293760,1
1498377707356311560,1
1498302308056240133,1
1498275539601264645,1
1498271259100127240,1
1498229940550090756,1
1498208929872064516,1
1498072567013425156,1
1498062515972018183,1
1497991765873283079,1
1497979821351219201,1
1497978459477495813,1
1497976200723111944,1
1497973844371460100,1
1497926571738505219,1
1497884534284570630,1
1497873442418294784,1
1497871675102310403,1
1497856307361054721,1
1497832249668030464,1
1497687356530470914,1
1497616627831029761,1
1497582031433355265,1
1497555923493130244,1
1497528774354776069,1
1497486810842341379,1
1497478206374432768,1
1497436261824417794,1
1497235420567986179,1
1497288371110092803,1
1496796996547526659,1
1496799888679522304,1
1496824206117511173,1
1496836357146255366,1
1496858425195925508,1
1496860005932445704,1
1496869553523077122,1
1496867640542851075,1
1496875636400562179,1
1496885830249771009,1
1496949284931002370,1
1496966117662810117,1
1497058778428100615,1
1496734373818904579,1
1496727114833354753,1
1496724687019286528,1
1496721805616291842,1
1496721121508753408,1
1496622850492575747,1
1496619259597934595,1
1496613112585367558,1
1496605182683140099,1
1496601577578184708,1
1496599627872841739,1
1496587548491235329,1
1496584611970924545,1
1496571496931774465,1
1496557675164938241,1
1496538588581969924,1
1496517257740046339,1
1496508631583440897,1
1496504288360738821,1
1496497601608404996,1
1496466476450123779,1
1496401409729826817,1
1496387663162753028,1
1496375232168353793,1
1496373907674255365,1
1496371203497472002,1
1496260773953290247,1
1496256634427002885,1
1496246133240311816,1
1495864360006209554,1
1495866000868261889,1
1495860973508468746,1
1495843774890745868,1
1495655587664826371,1
1495594123109228545,1
1495530148866760711,1
1495528177111818243,1
1495492251706966025,1
1495499889177989125,1
1495487262339088393,1
1495481610950656007,1
1495451932470689794,1
1495423602476425217,1
1495413954666975236,1
1495408064987545604,1
1495403388212817925,1
1495400111874220035,1
1495389055248482306,1
1495390705405108231,1
1495381888692899842,1
1495371288449327109,1
1495309971180949505,1
1495302740100235270,1
1495304069791027211,1
1495299026618658816,1
1495292246773669888,1
1495275262661083139,1
1495231739404431365,1
1495170029188521990,1
1495139609742823433,1
1495121115555020802,1
1495122440573362180,1
1495117556507676679,1
1495113241940353038,1
1495108266732535814,1
1495100844668243972,1
1495086609506701313,1
1495077781700587526,1
1495060922192310273,1
1495054370244808705,1
1495030199074893829,1
1495028748822925315,1
1495022921034739717,1
1495021623258361857,1
1495018819559034883,1
1495016856838672391,1
1495009257997090817,1
1495010697918529539,1
1495005295881375748,1
1495006640793341955,1
1495003967658631170,1
1495002635035947013,1
1495001318766878722,1
1494998673775857666,1
1494975935942119427,1
1494976912111853568,1
1494914648646176769,1
1494728432336445445,1
1494711917121835019,1
1494715015911387138,1
1494655582028148738,1
1494651765312139265,1
1494637909915406342,1
1494632391201206275,1
1494627574739353603,1
1494617787012161537,1
1494402091191787534,1
1494384628769214464,1
1494342994652110850,1
1494336973355380737,1
1494329072633081857,1
1494318046806089740,1
1494310499105886212,1
1494307600254517248,1
1494277968566362114,1
1494245679744573443,1
1494194890825162754,1
1494188105141833728,1
1494065849778548752,1
1494064021791809545,1
1494050267666563078,1
1494044806066196489,1
1494012636740173827,1
1494002113596301318,1
1494005483438497795,1
1493964220853010432,1
1493856497184526342,1
1493844846133530625,1
1493840976443580419,1
1493839675081248770,1
1493835181442187267,1
1493824701583532037,1
1493826019089920000,1
1493706663462907906,1
1493692322843959299,1
1493690691054153737,1
1493689019053621251,1
1493661207911354370,1
1493623071479062538,1
1493600051960201231,1
1493598788581302273,1
1493578790840197120,1
1493570656021139459,1
1493568975770468359,1
1493513140247670784,1
1493338817251717131,1
1493331714550210561,1
1493333299552563205,1
1493328000313667584,1
1493319316149788676,1
1493299032147570689,1
1493287728267542537,1
1493279070175563778,1
1493277399605202949,1
1493276453554765825,1
1493274642211090432,1
1493263654724292613,1
1493260860772474882,1
1493246261478182926,1
1493226529723146240,1
1493222509801525248,1
1493216399145246720,1
1493214540342910983,1
1493200440313405447,1
1493183511938879489,1
1493177302678749189,1
1493167043281133571,1
1493156372866863108,1
1493143620333051904,1
1493140082571849728,1
1493114060019224577,1
1492989855474851846,1
1492963944411107332,1
1492960581409771520,1
1492953409913331715,1
1492933865194856449,1
1492925433226186764,1
1492915749320630274,1
1492900941582028804,1
1492899875293470724,1
1492898766906707968,1
1492897724517265408,1
1492896683239350279,1
1492891400249262088,1
1492883984149327872,1
1492873963210481674,1
1492863097807200260,1
1492841542146527232,1
1492836921764159490,1
1492833016942575616,1
1492799721139748866,1
1492812567294660608,1
1492772571078664193,1
1492766614437117954,1
1492763292749676544,1
1492757920093806595,1
1492740697404981248,1
1492679923433017345,1
1492573953671536650,1
1492577439389786116,1
1492572626660823050,1
1492571208923197443,1
1492568217541296133,1
1492550468463177733,1
1492547755482492936,1
1492543117299490821,1
1492537532520804364,1
1492521478142763009,1
1492512002178269189,1
1492504403118641158,1
1492492845810339842,1
1492457358617948165,1
1492440493782974466,1
1492434964994048000,1
1492406354367102980,1
1492404067578044421,1
1492302438161735680,1
1492273697033445382,1
1492255521604349953,1
1492235251371986953,1
1492190749953306624,1
1492183316681961472,1
1492176119617011714,1
1492138537835286534,1
1492102514430328835,1
1492087077357424649,1
1491896207937097728,1
1491870660846624768,1
1491844544568172550,1
1491839807315750918,1
1491800648668516354,1
1491807227530776582,1
1491790186409185285,1
1491791530398388238,1
1491781965388730371,1
1491680914472153092,1
1491662753051947016,1
1491651503542743045,1
1491654539824533505,1
1491622955930906629,1
1491544080056209413,1
1491531796781142019,1
1491527530678992899,1
1491512588244557828,1
1491511235787042816,1
1491372714514595846,1
1491377226902040577,1
1491363454472826884,1
1491328865578659842,1
1491331298266599425,1
1491176586758205441,1
1491163337530707971,1
1491159091611586560,1
1491157417811656704,1
1491155576952606720,1
1491151788929843204,1
1491047532671422467,1
1490968956231827463,1
1490954968324448256,1
1490957054353489920,1
1490949102837776385,1
1490933764822020097,1
1490808357061599238,1
1490787951663632391,1
1490775532795043848,1
1490752088036593669,1
1490749765990195205,1
1490741316774469632,1
1490739257207660545,1
1490732087523307523,1
1490728865337155588,1
1490723762219765765,1
1490721250402050053,1
1490686769439858691,1
1490683042515595265,1
1490679317185114120,1
1490674432779636739,1
1490640974485364736,1
1490623563270967298,1
1490619578803798017,1
1490616312422412289,1
1490585437471191041,1
1490571972195102721,1
1490447095194689548,1
1490445278150897666,1
1490435953093230595,1
1490434383710498822,1
1490432455001661450,1
1490426163541561345,1
1490413248054710274,1
1490408939355316232,1
1490387004391051273,1
1490381461312229383,1
1490363924520349697,1
1490362304965267464,1
1490358098208477189,1
1490327246015537154,1
1490274793597321216,1
1490246683103481857,1
1490158312947601413,1
1490091353535041547,1
1490067025540091904,1
1490061854474915845,1
1490017717927219201,1
1490013201332903936,1
1490007680961941504,1
1490004380715732992,1
1489998435554111491,1
1489996545256787973,1
1489961037088571396,1
1489954961324662785,1
1489950407623426051,1
1489944950523502595,1
1489941570547822592,1
1489943267772968965,1
1489937399576772610,1
1489928312646516736,1
1489925543227273218,1
1489909659595120641,1
1489902222397919234,1
1489841214987943938,1
1489742375232618496,1
1489737237990457348,1
1489735831078248459,1
1489661722843656197,1
1489589405132148746,1
1489252000378195970,1
1489255378617442315,1
1489238478026162185,1
1489226047732305921,1
1489191546578771970,1
1489135296134459394,1
1488992504825450505,1
1488975818634285061,1
1488973454959419399,1
1488950708493819910,1
1488920296715440134,1
1488620249377353737,1
1488610208108752900,1
1488582132628955136,1
1488578422200848384,1
1488563698448977925,1
1488550085344571401,1
1488495151303512068,1
1488487611882745856,1
1488392477006573569,1
1488267140952379392,1
1488250747066195984,1
1488249080904048644,1
1488142418260205568,1
1488092571201118214,1
1487890233869881345,1
1487888464754446347,1
1487871421988675584,1
1487863989853986818,1
1487853433826725892,1
1487850784020697091,1
1487847595431112714,1
1487845754832097280,1
1487835286113562625,1
1487808073964085249,1
1487777465955192833,1
1487778941708427268,1
1487717659026366465,1
1487683347371507713,1
1487662325897351168,1
1487660941001035776,1
1487527982596075521,1
1487474672321060865,1
1487418743793889281,1
1487405800775684100,1
1487181584755306496,1
1487165768223629312,1
1487154680300027908,1
1487106577077354500,1
1487016818380349440,1
1486731830900314118,1
1486733848004239361,1
1486707072574107649,1
1486663976977059844,1
1486446452033343489,1
1486437648394858499,1
1486373489179303944,1
1486350636211970053,1
1486346779373285377,1
1486342643974082561,1
1486291040298545156,1
1486285566371061760,1
1486278280676352000,1
1486243907629424648,1
1486242373172703232,1
1486227769465917444,1
1486215380423086080,1
1486109873746046978,1
1486090386229637123,1
1486082561281601545,1
1486086671259123720,1
1486076042985025539,1
1486072900704743428,1
1486002633097818120,1
1485978937121509376,1
1485975292493680645,1
1485973941420277770,1
1485964780196311051,1
1485909045630414855,1
1485906056643551232,1
1485855481230938113,1
1485824756544729088,1
1485794552267030529,1
1485745268977025031,1
1485743399579828227,1
1485729143484555266,1
1485711254203293699,1
1485676388107669512,1
1485678573298069505,1
1485681933199806465,1
1485669491669450753,1
1485649701668106245,1
1485637823793438723,1
1485600629636673548,1
1485598512503042048,1
1485554739425251340,1
1485553319032541186,1
1485483769972805632,1
1485484928410304519,1
1485381011999449090,1
1485369394532438016,1
1485362415395082241,1
1485298996306485259,1
1485288880735768591,1
1485278259638153227,1
1485241688708759553,1
1485164505491517441,1
1485145520574189569,1
1485137816719970305,1
1485129977800667136,1
1485124968597893122,1
1484987347452280834,1
1484974406267031567,1
1484985764714885123,1
1484961894876291078,1
1484885469431226372,1
1484875302241292291,1
1484865460302753792,1
1484851796308865025,1
1484849931433218050,1
1484575987761397765,1
1484554671020724226,1
1484524461131022341,1
1484230472687407105,1
1484228349086081035,1
1484195390303965185,1
1484132768741310464,1
1484135464529448962,1
1484144445431984142,1
1484111671123714052,1
1484085847347580931,1
1484054904662601730,1
1484052506451791872,1
1483845321159585793,1
1483799792295845892,1
1483755387530657794,1
1483709004320755714,1
1483552874370117633,1
1483554746552262661,1
1483549769763065857,1
1483484355808870403,1
1483436493876178948,1
1483390918736719875,1
1483190822128467976,1
1483096532895559683,1
1483059485736411139,1
1483010907433283584,1
1482847876988424193,1
1482833850099195913,1
1482815139250425860,1
1482773094980890629,1
1482770753246437378,1
1482604959426351104,1
1482594648187150339,1
1482533062198112258,1
1482406321454469122,1
1482385982397759488,1
1482366796887994379,1
1482346372946972672,1
1482329077889605635,1
1482322198748618755,1
1482316041220878340,1
1482312534199832580,1
1482309628604170246,1
1482306869595095048,1
1482101311248154626,1
1482033086091206663,1
1482030515012177923,1
1482021813010018312,1
1482006227622236164,1
1481984443321573382,1
1481967505564442625,1
1481963592740184064,1
1481736261798969349,1
1481659012303097856,1
1481657431671197699,1
1481672484072132617,1
1481687237154779139,1
1481572059037810691,1
1481560120983273472,1
1481542907161153536,1
1481476095555817475,1
1481460998175219714,1
1481325417453731845,1
1481244016868003841,1
1481214515035447301,1
1481022952971935746,1
1481020461433724937,1
1481007471338692609,1
1480986448383860744,1
1480918748223746052,1
1480914915653267459,1
1480657715374571526,1
1480663781541744640,1
1480665972591759370,1
1480673532266885120,1
1480652445218975758,1
1480642436758077443,1
1480598685880930325,1
1480583280869138433,1
1480591014280761348,1
1480561813741875201,1
1480530818426720264,1
1480494166731857922,1
1480432455018500096,1
1480420628582780928,1
1480314044162715649,1
1480281390600048644,1
1480254848104865808,1
1480248325618208771,1
1480251131003609091,1
1480236687473192961,1
1480232158254055427,1
1480220849907118080,1
1480211345815617541,1
1480160546498523137,1
1480051797775507460,1
1479879352967958545,1
1479873060270493696,1
1479808782192496646,1
1479798514259570689,1
1479797159092436993,1
1479729989964677121,1
1479446828064067584,1
1479435969250086914,1
1479432891545407492,1
1479411817176776706,1
1479286677315231744,1
1479198497886846983,1
1479183568698056706,1
1479164068665729033,1
1479152324685742084,1
1479135724142276613,1
1479030810980151302,1
1479029413794754561,1
1479024379187310594,1
1479008286972207104,1
1478993545986035721,1
1478909182124433411,1
1478767769432776711,1
1478749319004135428,1
1478658089326948353,1
1478599403938234368,1
1478593187925020672,1
1478561902540300288,1
1478576994111700999,1
1478495882685394944,1
1478479658144481282,1
1478477621373681664,1
1478475085983977474,1
1478462340588789763,1
1478316542702108673,1
1478268138911322115,1
1478199506709753858,1
1478135478134185985,1
1478140707806363648,1
1478123262483783692,1
1478125624346787846,1
1478129120198471690,1
1531327215333408773,0
1531243273318285312,0
1531197570713890818,0
1530213478262251520,0
1530469390768119808,0
1530419595621847040,0
1530374063591497731,0
1530171412144607237,0
1529916566019657730,0
1530908894578475009,0
1530951709832404993,0
1531042471593009154,0
1530675452536406016,0
1530635122202005505,0
1530681514945658880,0
1530274608729010176,0
1530276516449378305,0
1530280163656847361,0
1530353505218834433,0
1524307357207076864,0
1523406685728960512,0
1523330990021746688,0
1523313494220713986,0
1523066950930161664,0
1528852848095657985,0
1528807928240787458,0
1530182440291033089,0
1525200626673758209,0
1529434487888945152,0
1529652659040419845,0
1529595417071079424,0
1529590628400644097,0
1529590910442520576,0
1529165335429005314,0
1527583836460154881,0
1527599919502176261,0
1527391437058232340,0
1527378215777357838,0
1528538648060346374,0
1528428292675719168,0
1528440225143431168,0
1528430505582120961,0
1528609666514706435,0
1528693192216002560,0
1528713738341208065,0
321853723661959168,0
318490708673695744,0
1528013551247450112,0
1528134032718016512,0
1528322016184520705,0
1528391074552610818,0
1528392951751135234,0
1528215479399194624,0
1528296290886553603,0
1527828432192692225,0
1527915978478260225,0
1527945829327286272,0
1526165419450634240,0
1525326006592147462,0
1526949849995874307,0
1526951186053664768,0
1527760420026605568,0
1527758604425736193,0
1528057792946442240,0
1528031195971342338,0
1528148655013871617,0
1527010656574181378,0
1526899728616652800,0
1526898809762025478,0
1525183586692915200,0
1525201433355862021,0
1526227223174316033,0
1526235758239137794,0
1518363315461840897,0
1518388757795323904,0
1524647058128396293,0
1525994373267308544,0
1525563478177632266,0
1525501287449743360,0
1526474098364321792,0
1526328989312237568,0
1526373652828135425,0
1522882705570021376,0
1522707916977229824,0
1522939754295304192,0
1525878979982508034,0
1525171866545037312,0
1525144566873178117,0
1524868878181945344,0
1524946622412636173,0
1525054840711352321,0
1525268291064848384,0
1525065952857100289,0
1525260848591167488,0
1525087494160756738,0
1525195826523430915,0
1525090219611275266,0
1525090313135603712,0
1525091970426843136,0
1525092176585273345,0
1524347305956155393,0
1524732420003614721,0
1523780576196841473,0
1523788770512105475,0
1523355806464618496,0
1523300242778890241,0
1523253685182398464,0
1523065993324425216,0
1523071760190504960,0
1523074188306575360,0
1522984560367226880,0
1513405337440763904,0
1522521396773068800,0
1400156398248472580,0
1522660121448529923,0
1522458066259791873,0
1521822445946216448,0
1522058051431374850,0
1521988432582610945,0
1521833617227407362,0
1521936906141020161,0
1521967287967928320,0
1520582054718717953,0
1520560557828493312,0
1520503505731166210,0
1519775115533295620,0
1519419426969460737,0
1521833089319813120,0
1521874110644686849,0
1521509902828687360,0
1516409023674953752,0
1520200982487080960,0
1520212604286873601,0
1520210323940257792,0
1520214001543700482,0
1521113994781732864,0
1521121584609734656,0
1521009757947105280,0
1520595343603380225,0
1520816413941895168,0
1520579113941192705,0
1520057648892231680,0
1520036263033999360,0
1520076041406013440,0
1519430118606835712,0
1519429636534452224,0
1519403773105516544,0
1519376434699063298,0
1519473530668204032,0
1519471142825771014,0
1519100735211937795,0
1519091400977100802,0
1519076047752507392,0
1519023671301529602,0
1519060991115505664,0
1517924713460338688,0
1517932593861300225,0
1518176379036180480,0
1518425018555781120,0
1518390783153684480,0
1518681710027845635,0
1518737288821420032,0
1518701437890572292,0
1518801732364558339,0
1518580928435695616,0
1518318861745295360,0
1518308656231628800,0
1518305801303171073,0
1518305662308163586,0
1518307814288068609,0
1517393679303991297,0
1517582098558857216,0
1517813754167271424,0
1517672166699016192,0
1517708134491561985,0
1517508147581227014,0
1517526517579923456,0
1517535199327834115,0
1515978267211272197,0
1515975884162936833,0
1517446383401320450,0
1517201755859296257,0
1517224492761817089,0
1517082991943733248,0
1517104156707807232,0
1517075214768693248,0
1517109530659860481,0
1515515021555642369,0
1515520377262419974,0
1516191255146995718,0
1516193521987989508,0
1516070311233568776,0
1515292257057914882,0
1515285989434003462,0
1515182864475766784,0
1515091411833704448,0
1514478546583969796,0
1514489677520252935,0
1514458926665900035,0
1515313692006666240,0
1515290993989406724,0
1520359787724255233,0
1520324908378734592,0
1520227381335703552,0
1513939471946993668,0
1513941248427581447,0
1513930078543040520,0
1513585925120425984,0
1513652214941859848,0
1513347195734577155,0
1512777030651289601,0
1512131847072980998,0
1513314684740550663,0
1513502263393890322,0
1513311047427534848,0
1513269312726962184,0
1512965247786700804,0
1513187694997815296,0
1512752914095349766,0
1512511901242216451,0
1512558524206927873,0
1512363696110149632,0
1479549193031200771,0
1512666500410314752,0
1512373341444874240,0
1512375023981547520,0
1512374759232786436,0
1512584250368921607,0
1512714920080642048,0
1512580609784397833,0
1512519186320343041,0
1512514660276350986,0
1512130582616104964,0
1512192038237876233,0
1512379114640257024,0
1511541175890681865,0
1511548535707254784,0
1511502349034008583,0
1511502971271532555,0
1510801197816590349,0
1510836821407768586,0
1510592352322297861,0
1510542162890731526,0
1508925370694877191,0
1509200917689769996,0
1509105954360602629,0
1508983158590652418,0
1509093167802503171,0
1509487954129047552,0
1509322804906401797,0
1509490931828936711,0
1508049332032970761,0
1508280425743097857,0
1508347035522682884,0
1507485572495032322,0
1507417543954219008,0
1507252501745127436,0
1507243028553027600,0
1506751844042870791,0
1506740381865680902,0
1506700677501882386,0
1506726715980226564,0
1506764162831200259,0
1506346437323468808,0
1506403042681364481,0
1506639570401644549,0
1506636427202859011,0
1506632157774688262,0
1506620408019181584,0
1505638710200741888,0
1497811337099059202,0
1496895234416025603,0
1497573030373072900,0
1504892025509920769,0
1506231082806661130,0
1505613337685594117,0
1505760031538614276,0
1505641627662098433,0
1505641042992844802,0
1505638549244293127,0
1505592984691421185,0
1505608305749725191,0
1505506864804642817,0
1505624630521909249,0
1502762752997310474,0
1504751069636841491,0
1504442131611635719,0
1504439126619303947,0
1504449559925297157,0
1504411449510277122,0
1507980044769140736,0
1508004173400395780,0
1508007865512046599,0
1507980087261544453,0
1507917666023092227,0
1503407419820490758,0
1503502285254635527,0
1503761700507598848,0
1503499450441941002,0
1503087916591034373,0
1502784351595122688,0
1502776456828661760,0
1502784404581724162,0
1502738348821172230,0
1502970596401070080,0
1502959603029577735,0
1502681793916510217,0
1502623845672488966,0
1502660860237520896,0
1502753363263373325,0
1502892911226245122,0
1502813803666366465,0
1502039122524971024,0
1501992004963778560,0
1502253597278486528,0
1499874695465820160,0
1499544008791666694,0
1499837696176541700,0
1499781852323889156,0
1502634818282135555,0
1502573270826106884,0
1502360075633053703,0
1502018690258198529,0
1502007100083519494,0
1501989741704667140,0
1502085668910026754,0
1502068722147774464,0
1502250672485449732,0
1502065226434457633,0
1502066984623783937,0
1502150556629954561,0
1501915755121721346,0
1499510144631197703,0
1501405564114452488,0
1497425246038761474,0
1500249295852916742,0
1499957285791150083,0
1500034617121910784,0
1500179140984680455,0
1499843495187595271,0
1499823649137831943,0
1499825160085454854,0
1498216500905320449,0
1498210293842907141,0
1499754496305639439,0
1499756621165117442,0
1499160704212996096,0
1499068083041886211,0
1499089206970310658,0
1495665765210542081,0
1497138821133185053,0
1497786336312496138,0
1497738383992532999,0
1497833312852848643,0
1497972677868412933,0
1498043757073252352,0
1498003017911742468,0
1497662419572768768,0
1497557000846258182,0
1497472630798135299,0
1497137366120685596,0
1497168498308620303,0
1497142472094453760,0
1497670775331078145,0
1497716585280249856,0
1497800315470499840,0
1497668404584468480,0
1497507956874694656,0
1497163730286751782,0
1497159420517756930,0
1497160052590981125,0
1496778409078370304,0
1497253485854826501,0
1497199869232041991,0
1496952124286312448,0
1496963463725387777,0
1496954431207845893,0
1496963066646478850,0
1497185634754174987,0
1496866208456790019,0
1496927955972345885,0
1496861373954809859,0
1496828744417386496,0
1496831238480478208,0
1496812911343325191,0
1496820826741649413,0
1496813298301427712,0
1496834989232570375,0
1496917716166496256,0
1496549644662452224,0
1496841327413243904,0
1496733592210358274,0
1496740857805955073,0
1496794644327370756,0
1496778013630939136,0
1496793327286456320,0
1496793078585307140,0
1496879034730438662,0
1496868401561620480,0
1496829096625524736,0
1496779989970300930,0
1496770969519616001,0
1496762068099338244,0
1496758505151238150,0
1496756893741731842,0
1492735168599273474,0
1496377260349300738,0
1495997731202285570,0
1495704598899798019,0
1495634959767330816,0
1495633290530799616,0
1495788137968283655,0
1528760391555219456,1
1531925401316036608,1
1536713261806239747,1
1537771622878289921,1
1538172322275893249,1
1538850006907723779,1
1540961164817039360,1
1540972782879645696,1
1541084267106664450,1
1541494069913944072,1
1543368743346212867,1
1543597276865650688,1
1543669547449851907,1
1544345769636810752,1
1544311781413240832,1
1544401889646845967,1
1544424249036767234,1
1544429320336297984,1
1544879120605224961,1
1544937133810515969,1
1544994821634400256,1
1545216544573378560,1
1545227488862822401,1
1545271881590251520,1
1545273770906189824,1
1545312935630839809,1
1545324042395303936,1
1545394760722092032,1
1545402282640134146,1
1545405381001764865,1
1545419636442910720,1
1545498390997393415,1
1545544653654691840,1
1545629631017107457,1
1545630330572374016,1
1545638061081563137,1
1545662241688768513,1
1545758012417212416,1
1546086176481857536,1
1546096621158539265,1
1546097869039583234,1
1546172801014439936,1
1507782926183849993,0
1519687193928900611,0
1529296609405808641,0
1527046413003247621,0
1526984752187977728,0
1505076279149797382,0
1526236895545524224,0
1531699211334459392,0
1531464571021627392,0
1531324685182545920,0
1531307932289318915,0
1504569155546193926,0
1504522269904748556,0
474957665441828864,0
475051342549884928,0
475140991129620480,0
475384231376326657,0
476050037483380737,0
1510881776679493636,0
900523784058351618,0
828233159338819585,0
1477869355673264128,0
1437926536338890753,0
912148375935569920,0
890681784505180160,0
795278195503329280,0
1452903504134148097,0
1441119188441960453,0
1440969228090236930,0
1441318536366870533,0
1441462403078705154,0
1411709509807005696,0
641755471670607874,0
641416380097687552,0
641551768065863680,0
641752892374949888,0
1560242367692738560,1
1559736819071291392,1
1559796523176697857,1
1559807194211799042,1
1559839219291504642,1
1560003615309316098,1
1560016612341780480,1
1560025057602183168,1
1553683258503827456,1
1553752859052752898,1
1554238220652666880,1
1554496998232948739,1
1554540541043425282,1
1554761411456294912,1
1554935992292937731,1
1555092712294072322,1
1555105308237758471,1
1555246986575716355,1
1555568064036577280,1
1556374632571305985,1
1549443131212546052,1
1552744210599665664,1
1552591677004697601,1
1552299246434623489,1
1552037302175662080,1
1551982085400940550,1
1551512811888676864,1
1551234076031565824,1
1550963936157106177,1
1550847595454545920,1
1550747744372932608,1
1550185309773742081,1
1550130189887123456,1
1549863016866496513,1
1549494352271007749,1
1549479476052074499,1
1549432720559857666,1
1549134247348281347,1
1549106178537525251,1
1548299760372576259,1
1548235551462944768,1
1548227371303456768,1
1548230925472763904,1
1548225264903065601,1
1548220290638827520,1
1548215426177306624,1
1548216524657160195,1
1548072603914358784,1
1548039270706778113,1
1548029764002230275,1
1548011342489038861,1
1548009950030376960,1
1548006987928989697,1
1547966992207921153,1
1547960844838785026,1
1547942519018700800,1
1547907685235929098,1
1547595030281408516,1
1547571552618614785,1
1547536161043783680,1
1508933592113631235,1
1547541489395572737,1
1547258706647187456,1
1547228122025787393,1
1547224350381711361,1
1547221244524773376,1
1547107668413800449,1
1547023041741324289,1
1546992343559143424,1
1546975205490302977,1
1546821356767027200,1
1546773191309262848,1
1546736196419784708,1
1546466810966548480,1
1546403761387700224,1
1546126045727834112,1
1546122870019035138,1
1545935852341272576,1
1545902082036842504,1
1545880143855599616,1
1545845059278585861,1
1545835447003275264,1
1545825811495886848,1
1545455826533601281,1
1545414453252046850,1
1545416388029939715,1
1545362214827266052,1
1545356171086909440,1
1545129275241684994,1
1544983991727570944,1
1544848703772565504,1
1544678996989861892,1
1544665878087843842,1
1544445731724992514,1
1544425903782039554,1
1544396682485547010,1
1544361567030050817,1
1544257351838011392,1
1544248312076836865,1
1543906576301531138,1
1543722550450176000,1
1543684065429274625,1
1543660736848830466,1
1543653472196861958,1
1543622669622550533,1
1543608669409103872,1
1543491005290266626,1
1543471179217997825,1
1543263035481006081,1
1543204375195254785,1
1542991446759940099,1
1542971446296715264,1
1542905513238822913,1
1542823205009776640,1
1542588746134179841,1
1542574363353948166,1
1542265438394109954,1
1542246547081072643,1
1542175692963594240,1
1542035938846580737,1
1541909293724737540,1
1541891953620652033,1
1541833380383408130,1
1541737906066309123,1
1541552473713909772,1
1541513520231202817,1
1541447641208422403,1
1541108141227741184,1
1540961836903923712,1
1540713276904013824,1
1540530235715866625,1
1540367553901600771,1
1560749331090743296,1
1559764011373268994,1
1559330799987703808,1
1559328435712847872,1
1559191473618386948,1
1559191267501920259,1
1559190717456605184,1
1559190240337747968,1
1559180168341635072,1
1558787721673441287,1
1558459170172575755,1
1558147746779070470,1
1558134011209424896,1
1558130808921198597,1
1558127138179629057,1
1557619293147340801,1
1557384334025310215,1
1557381182282780672,1
1557193667504381953,1
1556628387816476673,1
1556620080498319362,1
1555986019467628545,1
1555852559616729088,1
1555587419080097793,1
1555273452696772615,1
1554720783573962753,1
1554706419588501505,1
1554496901915054081,1
1554497500102393856,1
1554472864421650432,1
1554035892452564992,1
1553811493321334786,1
1553756142014283777,1
1553396479561187329,1
1553324819982303233,1
1553114024539262976,1
1553098777023713282,1
1505329660061753351,1
1507392151990247439,1
1485434025057652737,1
1472778789683929089,1
1473602064785813509,1
1473598136673263621,1
1473572929199915010,1
1473550149645385730,1
1473539215401136129,1
1473279497411641348,1
1473212000826183682,1
1472944717428056073,1
1472880442001006592,1
1472748592683122692,1
1472700081753186307,1
1472698380304453637,1
1472617941413900294,1
1472519522921947144,1
1472386199675301889,1
1472168664497631241,1
1472149794344914951,1
1472054010433597442,1
1471932401312059398,1
1471910863049302019,1
1471883404752957443,1
1471488958269825030,1
1471433720657813504,1
1471366626343858178,1
1470646010103881730,1
1470682503472160768,1
1470731711344484352,1
1470822825560879104,1
1470850093649739781,1
1471012852232331265,1
1471076274856726534,1
1470412282081550352,1
1470390721249263622,1
1470357451773984771,1
1470196778825707520,1
1470066194325680133,1
1469991133577105413,1
1469932642120437765,1
1469922513232740355,1
1469911114536394753,1
1469908175084298244,1
1469906775822544899,1
1469819289997881347,1
1469801814669340681,1
1469755647835217925,1
1469734475139629068,1
1469654065504309261,1
1469642409248178176,1
1469609534754889731,1
1469606943354507274,1
1469599046910287875,1
1469579791678545923,1
1469578883771125764,1
1469517298062946310,1
1469413565169901574,1
1469062979220086789,1
1469039150334623755,1
1469011685000232961,1
1468978858032615431,1
1468884690123857920,1
1468859243033935872,1
1468862598246510596,1
1468821285836935170,1
1468792523493556227,1
1468732129324503047,1
1468683039823777794,1
1468673538479607809,1
1468604768524320774,1
1468550956535197700,1
1468541126978289668,1
1468464565742718977,1
1468301061966422017,1
1468223193378955266,1
1467966836771893248,1
1467924884785451008,1
1467891366718058502,1
1467786977701466113,1
1467785624103145477,1
1467690256652664834,1
1467533543362510852,1
1467382315693350912,1
1467372724645412864,1
1467369862750220290,1
1467266978985525252,1
1467181995142918152,1
1467097498279948323,1
1467078179571609602,1
1467079302181175299,1
1467084813396025349,1
1466920187760840705,1
1466543381203632138,1
1466855342885777412,1
1466837104021975044,1
1466831524171501569,1
1466769051661840385,1
1466717652177629188,1
1466718305570500610,1
1466319033104482305,1
1466179909886300169,1
1466076260745068558,1
1465914702089932800,1
1465785353290268672,1
1465767510855360512,1
1465679505318682633,1
1465433862956269576,1
1465426802218868736,1
1465420887772078086,1
1465390995638472717,1
1465389589833650184,1
1465387080436142080,1
1465366984988807177,1
1465314296062164996,1
1465263735560454151,1
1465063216510296065,1
1465033285399158793,1
1465027163204300813,1
1464840174312071168,1
1464842332822544384,1
1464729839886340098,1
1469396932426674182,1
1469401979998945286,1
1469379002582413315,1
1469319794705027081,1
1469322414416871434,1
1469286887680581637,1
1469263251208917000,1
1276002318740316160,0
1275729973727432704,0
1277123836102742016,0
1509147174562582539,1
1507368548636708872,1
1507374566607314951,1
1506561620654411777,1
1506204188832899074,1
1505515721320800261,1
1505319733943492609,1
1505320249914056708,1
1505320722448764936,1
1505328463682707465,1
1505299115634221056,1
1504922549314015234,1
1504851428497633289,1
1504775170753507333,1
1502264027350814732,1
1502206674836283404,1
1501491039747690497,1
1500217760286134273,1
1112980040583704576,0
1113047602730295296,0
1278009071430500356,0
1277985940275937287,0
1276145688141840385,0
463534945529393152,0
463630009031077888,0
1115378792611110914,0
1114766960682729472,0
1238085261063589888,0
1158080541129940992,0
1273147640054788099,0
1047591754621435904,0
1047639881646784513,0
1276637785626234880,0
1276634903736614912,1
1276580607057944577,1
893941112427225089,0
1073302450608705537,0
1073063028567011328,0
1272609048140095492,0
1273327414408556544,0
1273345961415278593,0
934150592947212289,0
1276116416995999750,0
749386592909922304,0
1276455580962619392,0
1274882322769350656,0
1274814967053778944,0
1273650683191996416,0
1273978870748844033,0
1275522339564924928,0
1274307743499849728,0
1274066344846163968,0
1271075210096193537,0
1274692962677596161,1
1274513093943492613,0
1274491467822751745,0
1274500454735642625,0
1274667841606823936,0
1274599223850401792,0
1274748131561877506,0
1274732541912776704,0
1274757747934928905,0
1275131747756314629,1
1275131477186039808,1
1274503634173165569,0
1274083807965167618,0
1274105947502325761,0
1507004133890351133,1
1507413704475820047,1
1508895164542160898,1
1510032576672583680,1
1510635638055448578,1
1274411980393254912,0
1273336720440922122,0
1273163995197911041,0
1273548537461182464,0
1273933870698827777,0
1269775090838888450,0
1272802249648021505,1
1246532710815973378,0
1238429138006036481,0
1247433617682444290,0
1271509564580597761,0
1271166747635220481,0
1273215044449456128,0
1269999044035837952,0
1270020129623965698,0
741075532352225280,0
1270741248169717761,0
1272859324004646913,0
1272852547351560192,0
1272872958009266176,0
1272856282228297728,0
1268311803013914625,0
1272626381923516416,0
1272179277614788611,0
1272551724729929729,0
1272012614604918784,0
1271876988882599938,0
1267319417743998976,1
1161899826239483905,0
1271354273696231424,0
567332343061692418,0
1271046810673561600,0
1269922389107838980,0
1197259596123058182,0
1134945187673907202,0
889347701984432128,0
1248183755359096832,0
1211673304874045440,0
708353016924082176,0
1267956847811715077,0
1268468804532789249,0
1269725443864829953,0
1269336827846164480,0
1269597555295485959,0
1269442514274127873,0
1269335661372456960,0
1269308834075545600,0
1269290378924081155,0
1269006276077539329,0
1269531753259175936,0
1269531145206726657,0
1268496406857252864,0
1269083381876350976,0
1269384555619811334,0
1269082739610976256,0
1267481455434911755,0
1267531997360070657,0
1268424834087780352,0
1268309973051809793,0
1269368838996574211,0
1268913260620849152,0
1268452675647156225,0
1050861288241459200,0
1252427730089422849,0
1268524969887137792,0
1123342248844959747,0
1156757144357810177,0
1156802544603205632,0
1268436668467548161,0
1268335700912545792,0
1268091250441433089,0
1267858915120865281,0
1266861983300804613,0
1267770807700381696,0
1267762251173367810,0
1267584251026964480,1
1267237256537964544,0
1266991612007272448,0
1267010118929076230,0
1267376542960803840,0
1267343241646682113,0
1267144840900419586,0
1266430272771362816,0
1266124615186894849,0
798597222866751488,0
798617230581923840,0
798643003090960384,0
932568717216624640,0
1266853827145338881,0
1266701524652240896,0
1265152262646771718,0
1265571693600346113,0
1265743704255606784,0
1265757164259479552,0
1266070717793255427,0
1262168648929759232,0
1265197757154955264,0
1264249420943687695,0
1260808806398930946,0
1265751748645453826,0
1265984378112540673,0
1265701599533506561,0
1265689755192360960,0
1264667589004926981,0
1264775184663404546,0
1264647310119768064,0
1242350474969452545,0
1260613175466250241,0
1265207672984481798,0
1264971163609862145,1
1265243459989966848,1
1264979470068453377,1
1262961199374905346,1
1264559681466499078,1
1265402253034303496,0
1265482594038296577,0
1265355539942387712,0
1265360631630376967,0
1013277050134810624,0
693584267473920000,0
653997916084903936,0
474104654947569664,0
758385432061177857,0
883801656600780801,0
1265198379698655233,0
1263422611029188609,0
1262706704573255686,0
1244048153667670018,0
1263443247122259969,1
1262586746971324416,0
1262784137582297090,0
1262735467738550273,0
1255254245961580545,0
1263625859874750465,0
1263633731375562752,0
1263629319529775108,0
1261403486459097088,0
1261391899929333760,0
1261474681737093123,0
1256107458612924416,1
1262273021324210176,0
1261041546419372042,0
1261228588935917570,0
1264679478548140041,0
1258447836129132544,0
1258423507546976256,0
1256210544140472320,0
1260257192818638848,0
1259491616278142976,0
1243861465100058625,0
1184911594603581443,0
1211478494057766912,0
1257106509378605060,0
1256399476908077057,0
1257380857075109888,0
1257379281816236033,0
1257771651145633792,0
1257805395327844357,0
1257825573877014529,0
1257927153607467011,0
1214103743387643904,0
1215081814605299712,0
1258024988810018816,0
1236744788516405250,0
1257856703804170245,0
1253614681979326465,0
1242171416759459846,0
1243717285942038530,0
1243112844192878599,0
1242170656575426560,0
1242372527957200896,0
1258165721802190849,0
1257396014429986816,0
1257458416580210688,0
1257532796182188034,0
1257715036065325056,0
1257817593706156035,0
1257911745638694914,0
1258136649298477058,0
879549028014469120,0
792231245560311808,0
625401329553408000,0
780130532516630529,0
1181951687717638146,0
618075596514557952,0
617417913453146112,0
752513063165755392,0
1257367135703248902,0
784312107823083520,0
1257402807382159362,0
1255594896515268610,0
1255589704692641800,0
1212460985673535496,0
1255529720441077761,0
1256040698282901504,0
1255962330048978945,0
1255967554193014787,0
1255971542086881280,0
1256022543129026562,0
1256364133416685571,0
1256048953214275587,0
1256242596890005507,0
1256020871296270338,0
1239265414787588101,0
1256194047162662912,0
1255487710690783239,0
1253966962364948480,0
1253892240105144320,0
1254546830655918080,0
1254535904271699970,0
1254578418798264321,0
1254550573506080768,0
1252165856156700677,0
1172674412862222336,0
1252545715798192129,0
1252574607527350272,0
1252545169293029376,0
1249329879038021633,0
1246505534905372674,0
1252578033808130048,1
1252616864397754370,0
1252258021922742272,0
1251045026647457794,0
1244211671792582657,0
1241788464011661314,0
1250377311767212032,0
1249350537482559488,0
1249079291465347073,0
1242830304831815680,0
1248000845691654144,0
1247698539049897987,0
1247658039592865792,0
1241428729336868868,0
1246280579483656192,0
1246044007370801153,0
1245866810223644673,0
1245809268139442179,0
1246044446178914304,0
1245054795032989698,0
1244755135160606720,0
1244985651835162624,0
1243918517117779969,0
1241269929183252480,0
1241443355499913218,0
1241681789573386240,0
1241314346002759681,0
1243244942975291393,0
1242910196353191937,0
1243858322291294208,0
1243216063640342538,0
1243553983937089538,0
1243561521856352263,0
1242852312852422656,0
1242472546068361217,0
1242540481936064519,0
1242047398052081666,0
1242180228958519297,0
1242140191302864897,0
1242179700077875206,0
1242400240201842689,0
1241408477098127360,0
1242189723067715587,0
1241817610871877638,0
1242234345684942849,0
1241727488159559681,0
1241705992552886274,0
1241783550212481029,0
1241722271510691840,0
1241818138494341120,0
1241076301987024896,0
1240700359976181763,0
1240012087256023040,0
1239984127455252481,0
1238050861387059201,0
1238088502899879936,0
1238089669784584192,0
1238100123613384704,0
1202219683472166913,0
1235349893201506306,0
1236703601164197888,0
1202639537400352768,0
1235678880830230528,0
1234865135300358145,0
1208474364183810048,0
1233603388471943168,0
1208008037300101120,0
1230125575328739328,0
1229474073899610113,0
1232766662555906054,0
1231661311404146692,0
1130854954535571457,0
1231885452233379844,0
1231858992198160385,0
1231863732977926145,0
1218700392688685056,0
1225453717270532097,0
1229464008694075392,0
1227107258141741059,1
1223611884429103106,0
1193853922475151367,0
1223282888382259200,0
1223348094407974914,0
1155772857986760704,0
1213560920267513856,0
1213739001443692544,0
1172117028553003009,0
1184051943599149056,0
1184050792141078528,0
1175505363690491905,0
1163088160034676737,0
969271856401436677,0
1125732958990675970,0
1504353861254922240,1
1504775222175674378,1
1505055717140705281,1
1505305829888733193,1
1505320879248625668,1
1505320994092863492,1
1505321470024683520,1
1505329654135205902,1
1499388156919091203,1
1499336152268091392,1
1498038351554826244,1
1497666855179280387,1
1497309983683141635,1
1496947906191974410,1
1496926362657075204,1
1496845219542679553,1
1496453714625892358,1
1495832392917045254,1
1495723029028085761,1
1495388533506420739,1
1493918221233278977,1
1492496341796376579,1
1491777041632571394,1
1489602298229702659,1
1487418428357058562,1
1486678370398130189,1
1486623146698543107,1
1009009287967006725,1
1111268638726766593,1
1508677795630792710,1
1367893564026454016,1
1368926903848013825,1
1367918837576863746,1
1371597242575032338,1
1371746515966902273,1
1371753119848271876,1
1352910133387526145,1
1421233002248613893,1
1421115073209290754,1
1421071201292718081,1
1508734175699943429,1
1524686570175053824,1
1525079757901156357,1
1527670196978208770,1
1527606850715324417,1
1527337040987054124,1
1527056540989116416,1
1526208772552671232,1
1526148974863912962,1
1525888656820654083,1
1525848549337997313,1
1525853816968646656,1
1525855402662952960,1
1525499513821184006,1
1528150328088178689,1
1528120309022343170,1
1528048152061915136,1
1528006065245327361,1
1528002568248598528,1
1527957670443069440,1
1529383582405386243,1
1529351138692284417,1
1529344045948014592,1
1529334026401722371,1
1529120280836247552,1
1529097373032411136,1
1529076549571465218,1
1528860903579746310,1
1528771301602738177,1
1528732310182539265,1
1528673523841253377,1
1528670726160531458,1
1528508520785711105,1
1528388383604715524,1
1528380713669738496,1
1528249950538280961,1
1530622013332758528,1
1530624887978610690,1
1530270240550137861,1
1530142850737967106,1
1529841768203689986,1
1530872358013222912,1
1478116006421741571,1
1478113715069280265,1
1478111797618036747,1
1478110378848628736,1
1478020006227099650,1
1477984621144981508,1
1477967722088644609,1
1477924284521660418,1
1477922780263985152,1
1477894009590894592,1
1477737797813481483,1
1477714394989617156,1
1477706527544954889,1
1477615514725892099,1
1477459632213876741,1
1477361341904080898,1
1477340724500774912,1
1477231402047479816,1
1476933022737960983,1
1476916207580332035,1
1476810352591396865,1
1476066990536151045,1
1475708373765083136,1
1475704653585301508,1
1475506711620423683,1
1475483363972886530,1
1475400967747260419,1
1475241640524664839,1
1475131272326488064,1
1474953114188873730,1
1474734970962944000,1
1474478994699526146,1
1474480968253808644,1
1474450424748990471,1
1474430132270075933,1
1474417105198010369,1
1473968664164839424,1
1473959728627736577,1
1473909981703557122,1
1473897663439454213,1
1473865952311840775,1
1473750703629819906,1
1473698263891124232,1
1495666332897095680,0
1495744352148197384,0
1494644115795021847,0
1494613710056398888,0
1495524650272624651,0
1495138375493369862,0
1495118170293780487,0
1495106679997874181,0
1495338554179923968,0
1292808332928000000,0
1494704963817197572,0
1494744979880751117,0
1494721382491504640,0
1494746854931709955,0
1494728993395953665,0
1494669043860705286,0
1491884014248108034,0
1491944027868086274,0
1494414226038956042,0
1494679334619070465,0
1494645598766698520,0
1493599958741704710,0
1333418497129504768,0
1492777634715115526,0
1493230144915484672,0
1492884685822873600,0
1493667534414954499,0
1493668971010301958,0
1493669985859866626,0
1493610490295209989,0
1492990193552535555,0
1493185118822977537,0
1493132637900259333,0
1493133241989091328,0
1493123207691448325,0
1491810170988642305,0
1492127551988322312,0
1492171982808526855,0
1490400811775582214,0
1490464861830225923,0
1490301146073812998,0
1490264274605850624,0
1490046103475085317,0
1308398464330608642,0
1203319908991426560,0
1492101093320495120,0
1492109419324362755,0
1491729663353360385,0
1491716424217284608,0
1491741714079440896,0
1491728771958947841,0
1491033242534776834,0
1491154528024285185,0
1491159096548118536,0
1490239987085975556,0
1490369805215571972,0
1490461221392424960,0
1490367875848327170,0
1490443026719719425,0
1479074483151454211,0
1481634155624607747,0
1478577366704218116,0
1485212927875555333,0
1482977326082277378,0
1481336646482251783,0
1481249208460009474,0
1493847258915344389,0
1493940086249041920,0
1493622751285886978,0
1493559956624359427,0
1493342711365226499,0
1493336873556750343,0
1493567726874292225,0
1492817390798790661,0
1492639260868063232,0
1493328520042455049,0
1491153959871995904,0
1401655508835221510,0
1490034291413291010,0
1490034100635418633,0
1490075187231997955,0
1490588019178577920,0
1490332389649829895,0
1490012408143826949,0
1490075398297825289,0
1490078857596186626,0
1489717994515464196,0
1489658168741400582,0
1489677254607187973,0
1488981228518785028,0
1489366787196350464,0
1532073090863476736,0
1532262062688198656,0
1532018589477240838,0
1532029615966932994,0
1532006524758925313,0
1489229628791209986,0
1489016019276517376,0
1487857429245308928,0
1488525324103172103,0
1488041762966880257,0
1488039070450302979,0
1485335998401859585,0
1485232975226753026,0
1546239700062576641,1
1546255401598992384,1
1546545217129652226,1
1546892576002920449,1
1547162266675593216,1
1547201326995701766,1
1552707130930696194,1
1553137971859259401,1
1555921519464833025,1
1558135454867890176,1
1560608560865693696,1
570330519684034562,0
569741539720585216,0
1410472689354088449,0
1336332708616736768,0
1336342181544480769,0
1293037303053651968,0
1290670943912812547,0
1291387770557079552,0
1290934831791169537,0
1539991807005786112,1
1539736252425068544,1
1539701628328181760,1
1539676590417874944,1
1539650719602442240,1
1539648747545628673,1
1539647004690812928,1
1539624873101852674,1
1539624515503890433,1
1539624233860579330,1
1539623943543349250,1
1539623263353159686,1
1539618486644887552,1
1539573267647930374,1
1539557499048804354,1
1539549696821182464,1
1539353387770290177,1
1539351228752306177,1
1539336751466041346,1
1539270513092177920,1
1539252929449836552,1
1539167686281797633,1
1539169752744177664,1
1538872193937027073,1
1538661134177382401,1
1538635434116497415,1
1538158431911256066,1
1538093838744657925,1
1538083916216688641,1
1538078543728500738,1
1538064123317174274,1
1537857454616334337,1
1537473846499999750,1
1552574602580303873,1
1550781948733300736,1
1549407838878965763,1
1549407130951753739,1
1549298805832572935,1
1548993045294714882,1
1548983893650538496,1
1548935936960073728,1